nm_bucket,sessions,avg_return
0,25334,0.45279071603378857
1-2,12918,0.505651029571141
3-5,444,0.5923423423423423
